file_name,domain_name
496_UCR_id_194_Environment_tr_2046_1st_5391.csv,Environment
385_UCR_id_83_Environment_tr_2046_1st_6006.csv,Environment
499_UCR_id_197_Environment_tr_2046_1st_5703.csv,Environment
258_TAO_id_2_Environment_tr_500_1st_4.csv,Environment
411_UCR_id_109_Environment_tr_2046_1st_4852.csv,Environment
259_TAO_id_3_Environment_tr_500_1st_7.csv,Environment
257_TAO_id_1_Environment_tr_500_1st_3.csv,Environment
400_UCR_id_98_Environment_tr_2046_1st_5391.csv,Environment
387_UCR_id_85_Environment_tr_2046_1st_5549.csv,Environment
474_UCR_id_172_Environment_tr_2046_1st_6520.csv,Environment
319_UCR_id_17_Environment_tr_6166_1st_19280.csv,Environment
504_UCR_id_202_Environment_tr_2046_1st_5549.csv,Environment
016_NAB_id_16_Environment_tr_1816_1st_3540.csv,Environment
393_UCR_id_91_Environment_tr_2046_1st_4852.csv,Environment
022_NAB_id_22_Facility_tr_1007_1st_2980.csv,Facility
195_SMD_id_18_Facility_tr_5925_1st_17580.csv,Facility
456_UCR_id_154_Facility_tr_22500_1st_72150.csv,Facility
406_UCR_id_104_Facility_tr_20000_1st_67950.csv,Facility
816_Exathlon_id_7_Facility_tr_10766_1st_12590.csv,Facility
308_UCR_id_6_Facility_tr_20000_1st_56600.csv,Facility
018_NAB_id_18_Facility_tr_500_1st_669.csv,Facility
336_UCR_id_34_Facility_tr_32191_1st_124159.csv,Facility
419_UCR_id_117_Facility_tr_3000_1st_6168.csv,Facility
420_UCR_id_118_Facility_tr_13750_1st_52600.csv,Facility
209_SMD_id_32_Facility_tr_5925_1st_17580.csv,Facility
836_Exathlon_id_27_Facility_tr_10766_1st_12590.csv,Facility
501_UCR_id_199_Facility_tr_7482_1st_29480.csv,Facility
192_SMD_id_15_Facility_tr_5925_1st_17580.csv,Facility
503_UCR_id_201_Facility_tr_50000_1st_593450.csv,Facility
011_NAB_id_11_Facility_tr_1007_1st_1526.csv,Facility
458_UCR_id_156_Facility_tr_20000_1st_56600.csv,Facility
510_UCR_id_208_Facility_tr_50000_1st_126920.csv,Facility
340_UCR_id_38_Facility_tr_32500_1st_114283.csv,Facility
413_UCR_id_111_Facility_tr_12500_1st_46600.csv,Facility
812_Exathlon_id_3_Facility_tr_10766_1st_12590.csv,Facility
832_Exathlon_id_23_Facility_tr_10766_1st_12590.csv,Facility
441_UCR_id_139_Facility_tr_7500_1st_13400.csv,Facility
312_UCR_id_10_Facility_tr_19948_1st_52000.csv,Facility
494_UCR_id_192_Facility_tr_22500_1st_72150.csv,Facility
388_UCR_id_86_Facility_tr_17500_1st_23355.csv,Facility
181_SMD_id_4_Facility_tr_5000_1st_15144.csv,Facility
354_UCR_id_52_Facility_tr_7482_1st_18485.csv,Facility
422_UCR_id_120_Facility_tr_50000_1st_150720.csv,Facility
829_Exathlon_id_20_Facility_tr_10766_1st_12590.csv,Facility
202_SMD_id_25_Facility_tr_6250_1st_21230.csv,Facility
004_NAB_id_4_Facility_tr_1007_1st_1437.csv,Facility
423_UCR_id_121_Facility_tr_13750_1st_52600.csv,Facility
357_UCR_id_55_Facility_tr_12500_1st_46600.csv,Facility
214_SMD_id_37_Facility_tr_5925_1st_17580.csv,Facility
834_Exathlon_id_25_Facility_tr_11665_1st_13484.csv,Facility
432_UCR_id_130_Facility_tr_23000_1st_26970.csv,Facility
448_UCR_id_146_Facility_tr_7482_1st_23357.csv,Facility
830_Exathlon_id_21_Facility_tr_10766_1st_12590.csv,Facility
452_UCR_id_150_Facility_tr_10000_1st_35774.csv,Facility
819_Exathlon_id_10_Facility_tr_10766_1st_12590.csv,Facility
350_UCR_id_48_Facility_tr_7482_1st_23405.csv,Facility
840_Exathlon_id_31_Facility_tr_10766_1st_12590.csv,Facility
343_UCR_id_41_Facility_tr_14030_1st_52600.csv,Facility
839_Exathlon_id_30_Facility_tr_10766_1st_12590.csv,Facility
822_Exathlon_id_13_Facility_tr_10766_1st_12590.csv,Facility
409_UCR_id_107_Facility_tr_20000_1st_67950.csv,Facility
212_SMD_id_35_Facility_tr_5925_1st_17580.csv,Facility
001_NAB_id_1_Facility_tr_1007_1st_2014.csv,Facility
821_Exathlon_id_12_Facility_tr_6985_1st_7085.csv,Facility
182_SMD_id_5_Facility_tr_7174_1st_21230.csv,Facility
468_UCR_id_166_Facility_tr_10000_1st_35774.csv,Facility
331_UCR_id_29_Facility_tr_50000_1st_837400.csv,Facility
307_UCR_id_5_Facility_tr_29895_1st_39240.csv,Facility
027_NAB_id_27_Facility_tr_757_1st_2582.csv,Facility
833_Exathlon_id_24_Facility_tr_10766_1st_12590.csv,Facility
818_Exathlon_id_9_Facility_tr_11665_1st_13484.csv,Facility
814_Exathlon_id_5_Facility_tr_10766_1st_12590.csv,Facility
187_SMD_id_10_Facility_tr_5000_1st_15849.csv,Facility
028_NAB_id_28_Facility_tr_1007_1st_3447.csv,Facility
189_SMD_id_12_Facility_tr_5925_1st_17580.csv,Facility
523_UCR_id_221_Facility_tr_3000_1st_6527.csv,Facility
811_Exathlon_id_2_Facility_tr_10766_1st_12590.csv,Facility
338_UCR_id_36_Facility_tr_9000_1st_12400.csv,Facility
019_NAB_id_19_Facility_tr_1007_1st_1171.csv,Facility
823_Exathlon_id_14_Facility_tr_10766_1st_12590.csv,Facility
348_UCR_id_46_Facility_tr_9000_1st_12400.csv,Facility
198_SMD_id_21_Facility_tr_5925_1st_17580.csv,Facility
368_UCR_id_66_Facility_tr_50000_1st_125720.csv,Facility
433_UCR_id_131_Facility_tr_50000_1st_106720.csv,Facility
838_Exathlon_id_29_Facility_tr_10766_1st_12590.csv,Facility
191_SMD_id_14_Facility_tr_4596_1st_4696.csv,Facility
476_UCR_id_174_Facility_tr_50000_1st_64632.csv,Facility
200_SMD_id_23_Facility_tr_7174_1st_21230.csv,Facility
211_SMD_id_34_Facility_tr_5925_1st_17580.csv,Facility
815_Exathlon_id_6_Facility_tr_10766_1st_12590.csv,Facility
453_UCR_id_151_Facility_tr_32000_1st_67995.csv,Facility
500_UCR_id_198_Facility_tr_7482_1st_23357.csv,Facility
389_UCR_id_87_Facility_tr_7482_1st_18485.csv,Facility
333_UCR_id_31_Facility_tr_7500_1st_13400.csv,Facility
813_Exathlon_id_4_Facility_tr_10766_1st_12590.csv,Facility
332_UCR_id_30_Facility_tr_13750_1st_52600.csv,Facility
208_SMD_id_31_Facility_tr_5000_1st_15144.csv,Facility
455_UCR_id_153_Facility_tr_50000_1st_163632.csv,Facility
197_SMD_id_20_Facility_tr_5000_1st_15144.csv,Facility
180_SMD_id_3_Facility_tr_5925_1st_17580.csv,Facility
831_Exathlon_id_22_Facility_tr_11665_1st_13484.csv,Facility
471_UCR_id_169_Facility_tr_10000_1st_35774.csv,Facility
529_UCR_id_227_Facility_tr_19948_1st_52000.csv,Facility
810_Exathlon_id_1_Facility_tr_10766_1st_12590.csv,Facility
358_UCR_id_56_Facility_tr_10500_1st_29080.csv,Facility
399_UCR_id_97_Facility_tr_19948_1st_52000.csv,Facility
345_UCR_id_43_Facility_tr_25000_1st_44630.csv,Facility
826_Exathlon_id_17_Facility_tr_11665_1st_13484.csv,Facility
210_SMD_id_33_Facility_tr_5925_1st_17580.csv,Facility
205_SMD_id_28_Facility_tr_5925_1st_17580.csv,Facility
196_SMD_id_19_Facility_tr_7174_1st_21230.csv,Facility
827_Exathlon_id_18_Facility_tr_10766_1st_12590.csv,Facility
472_UCR_id_170_Facility_tr_32000_1st_67995.csv,Facility
835_Exathlon_id_26_Facility_tr_10766_1st_12590.csv,Facility
165_Stock_id_17_Finance_tr_500_1st_7.csv,Finance
154_Stock_id_6_Finance_tr_500_1st_38.csv,Finance
166_Stock_id_18_Finance_tr_500_1st_18.csv,Finance
151_Stock_id_3_Finance_tr_500_1st_62.csv,Finance
159_Stock_id_11_Finance_tr_500_1st_5.csv,Finance
152_Stock_id_4_Finance_tr_500_1st_2.csv,Finance
150_Stock_id_2_Finance_tr_500_1st_7.csv,Finance
158_Stock_id_10_Finance_tr_500_1st_2.csv,Finance
156_Stock_id_8_Finance_tr_500_1st_24.csv,Finance
163_Stock_id_15_Finance_tr_500_1st_3.csv,Finance
153_Stock_id_5_Finance_tr_500_1st_1.csv,Finance
167_Stock_id_19_Finance_tr_500_1st_7.csv,Finance
149_Stock_id_1_Finance_tr_500_1st_7.csv,Finance
157_Stock_id_9_Finance_tr_500_1st_19.csv,Finance
857_OPPORTUNITY_id_16_HumanActivity_tr_500_1st_566.csv,HumanActivity
864_OPPORTUNITY_id_23_HumanActivity_tr_895_1st_995.csv,HumanActivity
430_UCR_id_128_HumanActivity_tr_12500_1st_46500.csv,HumanActivity
870_OPPORTUNITY_id_29_HumanActivity_tr_1477_1st_1577.csv,HumanActivity
459_UCR_id_157_HumanActivity_tr_50000_1st_110260.csv,HumanActivity
505_UCR_id_203_HumanActivity_tr_16000_1st_33070.csv,HumanActivity
863_OPPORTUNITY_id_22_HumanActivity_tr_808_1st_908.csv,HumanActivity
507_UCR_id_205_HumanActivity_tr_16000_1st_31200.csv,HumanActivity
315_UCR_id_13_HumanActivity_tr_16000_1st_33070.csv,HumanActivity
860_OPPORTUNITY_id_19_HumanActivity_tr_808_1st_908.csv,HumanActivity
439_UCR_id_137_HumanActivity_tr_48750_1st_110800.csv,HumanActivity
842_OPPORTUNITY_id_1_HumanActivity_tr_7295_1st_27516.csv,HumanActivity
317_UCR_id_15_HumanActivity_tr_16000_1st_38400.csv,HumanActivity
492_UCR_id_190_HumanActivity_tr_12500_1st_46500.csv,HumanActivity
847_OPPORTUNITY_id_6_HumanActivity_tr_808_1st_908.csv,HumanActivity
853_OPPORTUNITY_id_12_HumanActivity_tr_808_1st_908.csv,HumanActivity
473_UCR_id_171_HumanActivity_tr_2617_1st_7290.csv,HumanActivity
846_OPPORTUNITY_id_5_HumanActivity_tr_2085_1st_2185.csv,HumanActivity
856_OPPORTUNITY_id_15_HumanActivity_tr_808_1st_908.csv,HumanActivity
512_UCR_id_210_HumanActivity_tr_1671_1st_2764.csv,HumanActivity
341_UCR_id_39_HumanActivity_tr_48812_1st_128430.csv,HumanActivity
852_OPPORTUNITY_id_11_HumanActivity_tr_500_1st_566.csv,HumanActivity
867_OPPORTUNITY_id_26_HumanActivity_tr_808_1st_908.csv,HumanActivity
530_UCR_id_228_HumanActivity_tr_16250_1st_38500.csv,HumanActivity
355_UCR_id_53_HumanActivity_tr_48750_1st_143411.csv,HumanActivity
844_OPPORTUNITY_id_3_HumanActivity_tr_500_1st_566.csv,HumanActivity
862_OPPORTUNITY_id_21_HumanActivity_tr_500_1st_566.csv,HumanActivity
843_OPPORTUNITY_id_2_HumanActivity_tr_808_1st_908.csv,HumanActivity
850_OPPORTUNITY_id_9_HumanActivity_tr_895_1st_995.csv,HumanActivity
869_OPPORTUNITY_id_28_HumanActivity_tr_500_1st_566.csv,HumanActivity
311_UCR_id_9_HumanActivity_tr_16000_1st_38400.csv,HumanActivity
352_UCR_id_50_HumanActivity_tr_48750_1st_110800.csv,HumanActivity
848_OPPORTUNITY_id_7_HumanActivity_tr_1477_1st_1577.csv,HumanActivity
310_UCR_id_8_HumanActivity_tr_2631_1st_8285.csv,HumanActivity
854_OPPORTUNITY_id_13_HumanActivity_tr_1477_1st_1577.csv,HumanActivity
849_OPPORTUNITY_id_8_HumanActivity_tr_1100_1st_1200.csv,HumanActivity
516_UCR_id_214_HumanActivity_tr_2108_1st_4702.csv,HumanActivity
169_Daphnet_id_1_HumanActivity_tr_9693_1st_20732.csv,HumanActivity
845_OPPORTUNITY_id_4_HumanActivity_tr_7295_1st_27516.csv,HumanActivity
337_UCR_id_35_HumanActivity_tr_50000_1st_110260.csv,HumanActivity
175_MITDB_id_6_Medical_tr_27274_1st_27374.csv,Medical
243_SVDB_id_7_Medical_tr_11393_1st_11493.csv,Medical
397_UCR_id_95_Medical_tr_1830_1st_4675.csv,Medical
321_UCR_id_19_Medical_tr_1875_1st_4485.csv,Medical
374_UCR_id_72_Medical_tr_2500_1st_7000.csv,Medical
479_UCR_id_177_Medical_tr_2000_1st_7000.csv,Medical
508_UCR_id_206_Medical_tr_9567_1st_16000.csv,Medical
173_MITDB_id_4_Medical_tr_13620_1st_13720.csv,Medical
462_UCR_id_160_Medical_tr_1853_1st_6200.csv,Medical
402_UCR_id_100_Medical_tr_7500_1st_19510.csv,Medical
328_UCR_id_26_Medical_tr_1913_1st_3474.csv,Medical
403_UCR_id_101_Medical_tr_1875_1st_4187.csv,Medical
509_UCR_id_207_Medical_tr_1875_1st_6599.csv,Medical
303_UCR_id_1_Medical_tr_2499_1st_8000.csv,Medical
519_UCR_id_217_Medical_tr_7516_1st_17390.csv,Medical
450_UCR_id_148_Medical_tr_7500_1st_16900.csv,Medical
240_SVDB_id_4_Medical_tr_18462_1st_18562.csv,Medical
451_UCR_id_149_Medical_tr_3000_1st_7175.csv,Medical
172_MITDB_id_3_Medical_tr_27274_1st_27374.csv,Medical
444_UCR_id_142_Medical_tr_10336_1st_17001.csv,Medical
415_UCR_id_113_Medical_tr_3000_1st_8612.csv,Medical
363_UCR_id_61_Medical_tr_7500_1st_16000.csv,Medical
466_UCR_id_164_Medical_tr_1900_1st_5684.csv,Medical
443_UCR_id_141_Medical_tr_7456_1st_17390.csv,Medical
326_UCR_id_24_Medical_tr_1875_1st_4187.csv,Medical
440_UCR_id_138_Medical_tr_16700_1st_16800.csv,Medical
383_UCR_id_81_Medical_tr_1875_1st_3198.csv,Medical
220_LTDB_id_5_Medical_tr_500_1st_26.csv,Medical
367_UCR_id_65_Medical_tr_9567_1st_16000.csv,Medical
396_UCR_id_94_Medical_tr_1875_1st_5607.csv,Medical
437_UCR_id_135_Medical_tr_2499_1st_8000.csv,Medical
250_SVDB_id_14_Medical_tr_50000_1st_107354.csv,Medical
171_MITDB_id_2_Medical_tr_50000_1st_88864.csv,Medical
454_UCR_id_152_Medical_tr_9625_1st_20950.csv,Medical
370_UCR_id_68_Medical_tr_9625_1st_12240.csv,Medical
318_UCR_id_16_Medical_tr_2499_1st_7000.csv,Medical
515_UCR_id_213_Medical_tr_10499_1st_15000.csv,Medical
412_UCR_id_110_Medical_tr_7500_1st_16900.csv,Medical
489_UCR_id_187_Medical_tr_1875_1st_4485.csv,Medical
518_UCR_id_216_Medical_tr_9625_1st_20950.csv,Medical
425_UCR_id_123_Medical_tr_16700_1st_16800.csv,Medical
447_UCR_id_145_Medical_tr_9625_1st_12240.csv,Medical
366_UCR_id_64_Medical_tr_2507_1st_8500.csv,Medical
438_UCR_id_136_Medical_tr_14750_1st_57960.csv,Medical
356_UCR_id_54_Medical_tr_7500_1st_16000.csv,Medical
498_UCR_id_196_Medical_tr_15000_1st_51370.csv,Medical
475_UCR_id_173_Medical_tr_3000_1st_8612.csv,Medical
391_UCR_id_89_Medical_tr_1875_1st_5759.csv,Medical
306_UCR_id_4_Medical_tr_2507_1st_8500.csv,Medical
170_MITDB_id_1_Medical_tr_17675_1st_17775.csv,Medical
485_UCR_id_183_Medical_tr_7516_1st_17390.csv,Medical
527_UCR_id_225_Medical_tr_3000_1st_5948.csv,Medical
221_LTDB_id_6_Medical_tr_500_1st_26.csv,Medical
428_UCR_id_126_Medical_tr_7487_1st_27862.csv,Medical
329_UCR_id_27_Medical_tr_7500_1st_17210.csv,Medical
324_UCR_id_22_Medical_tr_1875_1st_5865.csv,Medical
177_MITDB_id_8_Medical_tr_17675_1st_17775.csv,Medical
514_UCR_id_212_Medical_tr_2499_1st_6508.csv,Medical
482_UCR_id_180_Medical_tr_7500_1st_16000.csv,Medical
477_UCR_id_175_Medical_tr_7500_1st_17000.csv,Medical
235_SED_id_2_Medical_tr_2499_1st_3840.csv,Medical
216_LTDB_id_1_Medical_tr_500_1st_266.csv,Medical
237_SVDB_id_1_Medical_tr_11587_1st_11687.csv,Medical
461_UCR_id_159_Medical_tr_45096_1st_131200.csv,Medical
481_UCR_id_179_Medical_tr_1900_1st_5684.csv,Medical
351_UCR_id_49_Medical_tr_7464_1st_12190.csv,Medical
174_MITDB_id_5_Medical_tr_50000_1st_539948.csv,Medical
524_UCR_id_222_Medical_tr_1875_1st_5865.csv,Medical
361_UCR_id_59_Medical_tr_3000_1st_7175.csv,Medical
246_SVDB_id_10_Medical_tr_20100_1st_68460.csv,Medical
375_UCR_id_73_Medical_tr_47500_1st_123000.csv,Medical
408_UCR_id_106_Medical_tr_9594_1st_11111.csv,Medical
522_UCR_id_220_Medical_tr_10217_1st_27929.csv,Medical
239_SVDB_id_3_Medical_tr_50000_1st_106634.csv,Medical
435_UCR_id_133_Medical_tr_14750_1st_47830.csv,Medical
248_SVDB_id_12_Medical_tr_18462_1st_18562.csv,Medical
305_UCR_id_3_Medical_tr_3000_1st_5948.csv,Medical
469_UCR_id_167_Medical_tr_1875_1st_4187.csv,Medical
416_UCR_id_114_Medical_tr_50000_1st_91200.csv,Medical
442_UCR_id_140_Medical_tr_1875_1st_4187.csv,Medical
380_UCR_id_78_Medical_tr_1830_1st_4675.csv,Medical
342_UCR_id_40_Medical_tr_7500_1st_17000.csv,Medical
464_UCR_id_162_Medical_tr_7487_1st_16390.csv,Medical
335_UCR_id_33_Medical_tr_1875_1st_4526.csv,Medical
256_SVDB_id_20_Medical_tr_6264_1st_6364.csv,Medical
424_UCR_id_122_Medical_tr_7464_1st_12190.csv,Medical
245_SVDB_id_9_Medical_tr_12607_1st_12707.csv,Medical
219_LTDB_id_4_Medical_tr_3618_1st_3718.csv,Medical
528_UCR_id_226_Medical_tr_7500_1st_17000.csv,Medical
429_UCR_id_127_Medical_tr_14825_1st_29000.csv,Medical
457_UCR_id_155_Medical_tr_49999_1st_143000.csv,Medical
460_UCR_id_158_Medical_tr_7487_1st_27862.csv,Medical
371_UCR_id_69_Medical_tr_1853_1st_6200.csv,Medical
382_UCR_id_80_Medical_tr_7500_1st_11800.csv,Medical
359_UCR_id_57_Medical_tr_1913_1st_3474.csv,Medical
486_UCR_id_184_Medical_tr_1875_1st_5607.csv,Medical
304_UCR_id_2_Medical_tr_2499_1st_7000.csv,Medical
253_SVDB_id_17_Medical_tr_17803_1st_17903.csv,Medical
244_SVDB_id_8_Medical_tr_17803_1st_17903.csv,Medical
487_UCR_id_185_Medical_tr_49938_1st_191200.csv,Medical
434_UCR_id_132_Medical_tr_14750_1st_57530.csv,Medical
511_UCR_id_209_Medical_tr_7500_1st_11800.csv,Medical
449_UCR_id_147_Sensor_tr_2847_1st_9330.csv,Sensor
532_SMAP_id_2_Sensor_tr_2075_1st_5550.csv,Sensor
144_MSL_id_5_Sensor_tr_1525_1st_4590.csv,Sensor
145_MSL_id_6_Sensor_tr_530_1st_630.csv,Sensor
545_SMAP_id_15_Sensor_tr_1173_1st_2750.csv,Sensor
541_SMAP_id_11_Sensor_tr_1832_1st_5300.csv,Sensor
426_UCR_id_124_Sensor_tr_2827_1st_4711.csv,Sensor
146_MSL_id_7_Sensor_tr_554_1st_1172.csv,Sensor
286_CATSv2_id_1_Sensor_tr_17792_1st_17892.csv,Sensor
526_UCR_id_224_Sensor_tr_2827_1st_4711.csv,Sensor
405_UCR_id_103_Sensor_tr_2827_1st_5988.csv,Sensor
493_UCR_id_191_Sensor_tr_2847_1st_9330.csv,Sensor
147_MSL_id_8_Sensor_tr_590_1st_690.csv,Sensor
547_SMAP_id_17_Sensor_tr_2133_1st_5400.csv,Sensor
535_SMAP_id_5_Sensor_tr_1113_1st_1890.csv,Sensor
316_UCR_id_14_Sensor_tr_2833_1st_5988.csv,Sensor
364_UCR_id_62_Sensor_tr_2833_1st_5988.csv,Sensor
347_UCR_id_45_Sensor_tr_2851_1st_5365.csv,Sensor
546_SMAP_id_16_Sensor_tr_2117_1st_4770.csv,Sensor
537_SMAP_id_7_Sensor_tr_2077_1st_5394.csv,Sensor
549_SMAP_id_19_Sensor_tr_1998_1st_2098.csv,Sensor
142_MSL_id_3_Sensor_tr_1525_1st_4575.csv,Sensor
313_UCR_id_11_Sensor_tr_2827_1st_4711.csv,Sensor
542_SMAP_id_12_Sensor_tr_1908_1st_4690.csv,Sensor
141_MSL_id_2_Sensor_tr_500_1st_550.csv,Sensor
543_SMAP_id_13_Sensor_tr_2020_1st_4550.csv,Sensor
534_SMAP_id_4_Sensor_tr_1968_1st_4370.csv,Sensor
140_MSL_id_1_Sensor_tr_530_1st_630.csv,Sensor
539_SMAP_id_9_Sensor_tr_1857_1st_4270.csv,Sensor
148_MSL_id_9_Sensor_tr_883_1st_1238.csv,Sensor
567_YAHOO_id_17_Synthetic_tr_500_1st_893.csv,Synthetic
017_NAB_id_17_Synthetic_tr_1007_1st_1805.csv,Synthetic
680_YAHOO_id_130_Synthetic_tr_500_1st_893.csv,Synthetic
784_YAHOO_id_234_Synthetic_tr_500_1st_623.csv,Synthetic
778_YAHOO_id_228_Synthetic_tr_500_1st_658.csv,Synthetic
634_YAHOO_id_84_Synthetic_tr_500_1st_658.csv,Synthetic
785_YAHOO_id_235_Synthetic_tr_500_1st_658.csv,Synthetic
676_YAHOO_id_126_Synthetic_tr_500_1st_623.csv,Synthetic
295_TODS_id_9_Synthetic_tr_1250_1st_2046.csv,Synthetic
015_NAB_id_15_Synthetic_tr_1007_1st_2787.csv,Synthetic
659_YAHOO_id_109_Synthetic_tr_500_1st_623.csv,Synthetic
715_YAHOO_id_165_Synthetic_tr_500_1st_658.csv,Synthetic
639_YAHOO_id_89_Synthetic_tr_500_1st_893.csv,Synthetic
590_YAHOO_id_40_Synthetic_tr_500_1st_658.csv,Synthetic
666_YAHOO_id_116_Synthetic_tr_500_1st_893.csv,Synthetic
231_MGAB_id_7_Synthetic_tr_25000_1st_35544.csv,Synthetic
671_YAHOO_id_121_Synthetic_tr_500_1st_658.csv,Synthetic
695_YAHOO_id_145_Synthetic_tr_500_1st_658.csv,Synthetic
663_YAHOO_id_113_Synthetic_tr_500_1st_658.csv,Synthetic
560_YAHOO_id_10_Synthetic_tr_500_1st_893.csv,Synthetic
638_YAHOO_id_88_Synthetic_tr_500_1st_893.csv,Synthetic
632_YAHOO_id_82_Synthetic_tr_500_1st_658.csv,Synthetic
012_NAB_id_12_Synthetic_tr_1007_1st_2787.csv,Synthetic
732_YAHOO_id_182_Synthetic_tr_500_1st_658.csv,Synthetic
581_YAHOO_id_31_Synthetic_tr_500_1st_893.csv,Synthetic
782_YAHOO_id_232_Synthetic_tr_500_1st_623.csv,Synthetic
571_YAHOO_id_21_Synthetic_tr_500_1st_623.csv,Synthetic
777_YAHOO_id_227_Synthetic_tr_500_1st_623.csv,Synthetic
647_YAHOO_id_97_Synthetic_tr_500_1st_658.csv,Synthetic
696_YAHOO_id_146_Synthetic_tr_500_1st_893.csv,Synthetic
675_YAHOO_id_125_Synthetic_tr_500_1st_623.csv,Synthetic
620_YAHOO_id_70_Synthetic_tr_500_1st_658.csv,Synthetic
664_YAHOO_id_114_Synthetic_tr_500_1st_658.csv,Synthetic
613_YAHOO_id_63_Synthetic_tr_500_1st_623.csv,Synthetic
755_YAHOO_id_205_Synthetic_tr_500_1st_893.csv,Synthetic
721_YAHOO_id_171_Synthetic_tr_500_1st_893.csv,Synthetic
576_YAHOO_id_26_Synthetic_tr_500_1st_658.csv,Synthetic
797_YAHOO_id_247_Synthetic_tr_500_1st_893.csv,Synthetic
736_YAHOO_id_186_Synthetic_tr_500_1st_623.csv,Synthetic
232_MGAB_id_8_Synthetic_tr_25000_1st_32708.csv,Synthetic
600_YAHOO_id_50_Synthetic_tr_500_1st_658.csv,Synthetic
587_YAHOO_id_37_Synthetic_tr_500_1st_623.csv,Synthetic
226_MGAB_id_2_Synthetic_tr_20000_1st_45134.csv,Synthetic
774_YAHOO_id_224_Synthetic_tr_500_1st_623.csv,Synthetic
290_TODS_id_4_Synthetic_tr_500_1st_26.csv,Synthetic
806_YAHOO_id_256_Synthetic_tr_500_1st_893.csv,Synthetic
292_TODS_id_6_Synthetic_tr_500_1st_11.csv,Synthetic
694_YAHOO_id_144_Synthetic_tr_500_1st_658.csv,Synthetic
606_YAHOO_id_56_Synthetic_tr_500_1st_623.csv,Synthetic
020_NAB_id_20_Synthetic_tr_1007_1st_2679.csv,Synthetic
781_YAHOO_id_231_Synthetic_tr_500_1st_623.csv,Synthetic
617_YAHOO_id_67_Synthetic_tr_500_1st_893.csv,Synthetic
301_TODS_id_15_Synthetic_tr_500_1st_245.csv,Synthetic
635_YAHOO_id_85_Synthetic_tr_500_1st_658.csv,Synthetic
684_YAHOO_id_134_Synthetic_tr_500_1st_623.csv,Synthetic
794_YAHOO_id_244_Synthetic_tr_500_1st_658.csv,Synthetic
294_TODS_id_8_Synthetic_tr_500_1st_200.csv,Synthetic
552_YAHOO_id_2_Synthetic_tr_500_1st_893.csv,Synthetic
575_YAHOO_id_25_Synthetic_tr_500_1st_623.csv,Synthetic
701_YAHOO_id_151_Synthetic_tr_500_1st_893.csv,Synthetic
650_YAHOO_id_100_Synthetic_tr_500_1st_623.csv,Synthetic
786_YAHOO_id_236_Synthetic_tr_500_1st_623.csv,Synthetic
601_YAHOO_id_51_Synthetic_tr_500_1st_893.csv,Synthetic
570_YAHOO_id_20_Synthetic_tr_500_1st_658.csv,Synthetic
703_YAHOO_id_153_Synthetic_tr_500_1st_623.csv,Synthetic
300_TODS_id_14_Synthetic_tr_1250_1st_2555.csv,Synthetic
230_MGAB_id_6_Synthetic_tr_25000_1st_42441.csv,Synthetic
730_YAHOO_id_180_Synthetic_tr_500_1st_623.csv,Synthetic
780_YAHOO_id_230_Synthetic_tr_500_1st_893.csv,Synthetic
551_YAHOO_id_1_Synthetic_tr_500_1st_893.csv,Synthetic
566_YAHOO_id_16_Synthetic_tr_500_1st_623.csv,Synthetic
800_YAHOO_id_250_Synthetic_tr_500_1st_623.csv,Synthetic
627_YAHOO_id_77_Synthetic_tr_500_1st_623.csv,Synthetic
656_YAHOO_id_106_Synthetic_tr_500_1st_658.csv,Synthetic
739_YAHOO_id_189_Synthetic_tr_500_1st_893.csv,Synthetic
616_YAHOO_id_66_Synthetic_tr_500_1st_623.csv,Synthetic
625_YAHOO_id_75_Synthetic_tr_500_1st_658.csv,Synthetic
573_YAHOO_id_23_Synthetic_tr_500_1st_623.csv,Synthetic
603_YAHOO_id_53_Synthetic_tr_500_1st_893.csv,Synthetic
618_YAHOO_id_68_Synthetic_tr_500_1st_893.csv,Synthetic
564_YAHOO_id_14_Synthetic_tr_500_1st_658.csv,Synthetic
299_TODS_id_13_Synthetic_tr_500_1st_65.csv,Synthetic
008_NAB_id_8_Synthetic_tr_1007_1st_2734.csv,Synthetic
731_YAHOO_id_181_Synthetic_tr_500_1st_623.csv,Synthetic
227_MGAB_id_3_Synthetic_tr_25000_1st_44340.csv,Synthetic
009_NAB_id_9_Traffic_tr_500_1st_438.csv,Traffic
026_NAB_id_26_Traffic_tr_624_1st_2261.csv,Traffic
007_NAB_id_7_Traffic_tr_624_1st_2087.csv,Traffic
005_NAB_id_5_Traffic_tr_594_1st_1645.csv,Traffic
039_WSD_id_11_WebService_tr_1746_1st_1846.csv,WebService
105_WSD_id_77_WebService_tr_2348_1st_2448.csv,WebService
094_WSD_id_66_WebService_tr_3309_1st_3914.csv,WebService
123_WSD_id_95_WebService_tr_4559_1st_4901.csv,WebService
275_IOPS_id_16_WebService_tr_1482_1st_1582.csv,WebService
553_YAHOO_id_3_WebService_tr_500_1st_237.csv,WebService
003_NAB_id_3_WebService_tr_1362_1st_1462.csv,WebService
726_YAHOO_id_176_WebService_tr_500_1st_221.csv,WebService
657_YAHOO_id_107_WebService_tr_500_1st_1260.csv,WebService
108_WSD_id_80_WebService_tr_2368_1st_2468.csv,WebService
717_YAHOO_id_167_WebService_tr_500_1st_84.csv,WebService
086_WSD_id_58_WebService_tr_4436_1st_9529.csv,WebService
783_YAHOO_id_233_WebService_tr_500_1st_24.csv,WebService
669_YAHOO_id_119_WebService_tr_500_1st_21.csv,WebService
107_WSD_id_79_WebService_tr_1095_1st_1195.csv,WebService
596_YAHOO_id_46_WebService_tr_500_1st_666.csv,WebService
697_YAHOO_id_147_WebService_tr_500_1st_225.csv,WebService
668_YAHOO_id_118_WebService_tr_500_1st_112.csv,WebService
277_NEK_id_1_WebService_tr_500_1st_17.csv,WebService
111_WSD_id_83_WebService_tr_3934_1st_7531.csv,WebService
607_YAHOO_id_57_WebService_tr_500_1st_426.csv,WebService
135_WSD_id_107_WebService_tr_3779_1st_3879.csv,WebService
757_YAHOO_id_207_WebService_tr_500_1st_33.csv,WebService
608_YAHOO_id_58_WebService_tr_500_1st_72.csv,WebService
709_YAHOO_id_159_WebService_tr_500_1st_481.csv,WebService
101_WSD_id_73_WebService_tr_1513_1st_1613.csv,WebService
125_WSD_id_97_WebService_tr_2217_1st_2317.csv,WebService
764_YAHOO_id_214_WebService_tr_500_1st_599.csv,WebService
042_WSD_id_14_WebService_tr_3015_1st_3115.csv,WebService
737_YAHOO_id_187_WebService_tr_500_1st_230.csv,WebService
760_YAHOO_id_210_WebService_tr_500_1st_23.csv,WebService
116_WSD_id_88_WebService_tr_3934_1st_13861.csv,WebService
067_WSD_id_39_WebService_tr_4559_1st_13973.csv,WebService
099_WSD_id_71_WebService_tr_4559_1st_14411.csv,WebService
136_WSD_id_108_WebService_tr_3414_1st_3514.csv,WebService
740_YAHOO_id_190_WebService_tr_500_1st_0.csv,WebService
705_YAHOO_id_155_WebService_tr_500_1st_1279.csv,WebService
041_WSD_id_13_WebService_tr_4296_1st_5196.csv,WebService
585_YAHOO_id_35_WebService_tr_500_1st_577.csv,WebService
677_YAHOO_id_127_WebService_tr_500_1st_46.csv,WebService
591_YAHOO_id_41_WebService_tr_500_1st_139.csv,WebService
060_WSD_id_32_WebService_tr_4576_1st_4766.csv,WebService
802_YAHOO_id_252_WebService_tr_500_1st_63.csv,WebService
278_NEK_id_2_WebService_tr_500_1st_64.csv,WebService
706_YAHOO_id_156_WebService_tr_500_1st_201.csv,WebService
643_YAHOO_id_93_WebService_tr_500_1st_1038.csv,WebService
734_YAHOO_id_184_WebService_tr_500_1st_768.csv,WebService
771_YAHOO_id_221_WebService_tr_500_1st_61.csv,WebService
637_YAHOO_id_87_WebService_tr_500_1st_338.csv,WebService
124_WSD_id_96_WebService_tr_4559_1st_14350.csv,WebService
561_YAHOO_id_11_WebService_tr_500_1st_359.csv,WebService
708_YAHOO_id_158_WebService_tr_500_1st_165.csv,WebService
750_YAHOO_id_200_WebService_tr_500_1st_591.csv,WebService
589_YAHOO_id_39_WebService_tr_500_1st_10.csv,WebService
796_YAHOO_id_246_WebService_tr_500_1st_222.csv,WebService
698_YAHOO_id_148_WebService_tr_500_1st_186.csv,WebService
770_YAHOO_id_220_WebService_tr_500_1st_29.csv,WebService
788_YAHOO_id_238_WebService_tr_500_1st_973.csv,WebService
053_WSD_id_25_WebService_tr_4559_1st_9198.csv,WebService
758_YAHOO_id_208_WebService_tr_500_1st_24.csv,WebService
072_WSD_id_44_WebService_tr_1691_1st_1791.csv,WebService
089_WSD_id_61_WebService_tr_1010_1st_1110.csv,WebService
649_YAHOO_id_99_WebService_tr_500_1st_1386.csv,WebService
047_WSD_id_19_WebService_tr_4559_1st_16362.csv,WebService
063_WSD_id_35_WebService_tr_2290_1st_2390.csv,WebService
595_YAHOO_id_45_WebService_tr_500_1st_248.csv,WebService
665_YAHOO_id_115_WebService_tr_500_1st_28.csv,WebService
073_WSD_id_45_WebService_tr_3392_1st_3492.csv,WebService
602_YAHOO_id_52_WebService_tr_500_1st_595.csv,WebService
723_YAHOO_id_173_WebService_tr_500_1st_1214.csv,WebService
690_YAHOO_id_140_WebService_tr_500_1st_696.csv,WebService
100_WSD_id_72_WebService_tr_4559_1st_10254.csv,WebService
049_WSD_id_21_WebService_tr_4297_1st_7097.csv,WebService
751_YAHOO_id_201_WebService_tr_500_1st_142.csv,WebService
569_YAHOO_id_19_WebService_tr_500_1st_30.csv,WebService
687_YAHOO_id_137_WebService_tr_500_1st_89.csv,WebService
577_YAHOO_id_27_WebService_tr_500_1st_498.csv,WebService
075_WSD_id_47_WebService_tr_3296_1st_3468.csv,WebService
713_YAHOO_id_163_WebService_tr_500_1st_66.csv,WebService
738_YAHOO_id_188_WebService_tr_500_1st_26.csv,WebService
667_YAHOO_id_117_WebService_tr_500_1st_421.csv,WebService
621_YAHOO_id_71_WebService_tr_500_1st_721.csv,WebService
645_YAHOO_id_95_WebService_tr_500_1st_1047.csv,WebService
048_WSD_id_20_WebService_tr_4559_1st_11813.csv,WebService
021_NAB_id_21_WebService_tr_500_1st_565.csv,WebService
699_YAHOO_id_149_WebService_tr_500_1st_99.csv,WebService
711_YAHOO_id_161_WebService_tr_500_1st_137.csv,WebService
138_WSD_id_110_WebService_tr_4584_1st_6039.csv,WebService
672_YAHOO_id_122_WebService_tr_500_1st_857.csv,WebService
091_WSD_id_63_WebService_tr_500_1st_363.csv,WebService
083_WSD_id_55_WebService_tr_4599_1st_4863.csv,WebService
622_YAHOO_id_72_WebService_tr_500_1st_421.csv,WebService
025_NAB_id_25_WebService_tr_3958_1st_4614.csv,WebService
037_WSD_id_9_WebService_tr_4583_1st_6214.csv,WebService
043_WSD_id_15_WebService_tr_4521_1st_6828.csv,WebService
070_WSD_id_42_WebService_tr_2102_1st_2202.csv,WebService
139_WSD_id_111_WebService_tr_1701_1st_1801.csv,WebService
592_YAHOO_id_42_WebService_tr_500_1st_28.csv,WebService
678_YAHOO_id_128_WebService_tr_500_1st_665.csv,WebService
642_YAHOO_id_92_WebService_tr_500_1st_433.csv,WebService
118_WSD_id_90_WebService_tr_4559_1st_6317.csv,WebService
762_YAHOO_id_212_WebService_tr_500_1st_1055.csv,WebService
557_YAHOO_id_7_WebService_tr_500_1st_770.csv,WebService
720_YAHOO_id_170_WebService_tr_500_1st_3.csv,WebService
264_IOPS_id_5_WebService_tr_11665_1st_11765.csv,WebService
033_WSD_id_5_WebService_tr_4559_1st_12588.csv,WebService
046_WSD_id_18_WebService_tr_2357_1st_2457.csv,WebService
798_YAHOO_id_248_WebService_tr_500_1st_105.csv,WebService
633_YAHOO_id_83_WebService_tr_500_1st_223.csv,WebService
555_YAHOO_id_5_WebService_tr_500_1st_730.csv,WebService
284_NEK_id_8_WebService_tr_500_1st_976.csv,WebService
035_WSD_id_7_WebService_tr_4555_1st_11911.csv,WebService
134_WSD_id_106_WebService_tr_4559_1st_7990.csv,WebService
054_WSD_id_26_WebService_tr_2409_1st_2509.csv,WebService
051_WSD_id_23_WebService_tr_3919_1st_5154.csv,WebService
651_YAHOO_id_101_WebService_tr_500_1st_103.csv,WebService
029_WSD_id_1_WebService_tr_4559_1st_10201.csv,WebService
655_YAHOO_id_105_WebService_tr_500_1st_17.csv,WebService
586_YAHOO_id_36_WebService_tr_500_1st_398.csv,WebService
129_WSD_id_101_WebService_tr_4448_1st_9592.csv,WebService
799_YAHOO_id_249_WebService_tr_500_1st_852.csv,WebService
579_YAHOO_id_29_WebService_tr_500_1st_1342.csv,WebService
280_NEK_id_4_WebService_tr_500_1st_231.csv,WebService
685_YAHOO_id_135_WebService_tr_500_1st_121.csv,WebService
106_WSD_id_78_WebService_tr_3363_1st_3463.csv,WebService
679_YAHOO_id_129_WebService_tr_500_1st_428.csv,WebService
088_WSD_id_60_WebService_tr_4548_1st_5596.csv,WebService
074_WSD_id_46_WebService_tr_990_1st_1090.csv,WebService
754_YAHOO_id_204_WebService_tr_500_1st_28.csv,WebService
763_YAHOO_id_213_WebService_tr_500_1st_43.csv,WebService
113_WSD_id_85_WebService_tr_500_1st_335.csv,WebService
670_YAHOO_id_120_WebService_tr_500_1st_221.csv,WebService
612_YAHOO_id_62_WebService_tr_500_1st_97.csv,WebService
790_YAHOO_id_240_WebService_tr_500_1st_119.csv,WebService
604_YAHOO_id_54_WebService_tr_500_1st_116.csv,WebService
263_IOPS_id_4_WebService_tr_3482_1st_3582.csv,WebService
090_WSD_id_62_WebService_tr_2281_1st_2381.csv,WebService
014_NAB_id_14_WebService_tr_500_1st_1045.csv,WebService
081_WSD_id_53_WebService_tr_4559_1st_8448.csv,WebService
710_YAHOO_id_160_WebService_tr_500_1st_253.csv,WebService
266_IOPS_id_7_WebService_tr_4010_1st_4110.csv,WebService
641_YAHOO_id_91_WebService_tr_500_1st_149.csv,WebService
743_YAHOO_id_193_WebService_tr_500_1st_133.csv,WebService
686_YAHOO_id_136_WebService_tr_500_1st_755.csv,WebService
127_WSD_id_99_WebService_tr_1164_1st_1264.csv,WebService
128_WSD_id_100_WebService_tr_4068_1st_4168.csv,WebService
559_YAHOO_id_9_WebService_tr_500_1st_538.csv,WebService
110_WSD_id_82_WebService_tr_500_1st_375.csv,WebService
261_IOPS_id_2_WebService_tr_2178_1st_2278.csv,WebService
273_IOPS_id_14_WebService_tr_5569_1st_5669.csv,WebService
036_WSD_id_8_WebService_tr_4504_1st_6898.csv,WebService
082_WSD_id_54_WebService_tr_4437_1st_4805.csv,WebService
085_WSD_id_57_WebService_tr_780_1st_880.csv,WebService
265_IOPS_id_6_WebService_tr_6453_1st_6553.csv,WebService
683_YAHOO_id_133_WebService_tr_500_1st_36.csv,WebService
722_YAHOO_id_172_WebService_tr_500_1st_353.csv,WebService
746_YAHOO_id_196_WebService_tr_500_1st_413.csv,WebService
619_YAHOO_id_69_WebService_tr_500_1st_8.csv,WebService
030_WSD_id_2_WebService_tr_4499_1st_4599.csv,WebService
729_YAHOO_id_179_WebService_tr_500_1st_559.csv,WebService
283_NEK_id_7_WebService_tr_500_1st_777.csv,WebService
087_WSD_id_59_WebService_tr_4559_1st_12600.csv,WebService
735_YAHOO_id_185_WebService_tr_500_1st_20.csv,WebService
623_YAHOO_id_73_WebService_tr_500_1st_117.csv,WebService
272_IOPS_id_13_WebService_tr_3442_1st_3542.csv,WebService
031_WSD_id_3_WebService_tr_826_1st_926.csv,WebService
068_WSD_id_40_WebService_tr_4549_1st_13322.csv,WebService
636_YAHOO_id_86_WebService_tr_500_1st_20.csv,WebService
753_YAHOO_id_203_WebService_tr_500_1st_6.csv,WebService
071_WSD_id_43_WebService_tr_3387_1st_3487.csv,WebService
727_YAHOO_id_177_WebService_tr_500_1st_82.csv,WebService
748_YAHOO_id_198_WebService_tr_500_1st_170.csv,WebService
052_WSD_id_24_WebService_tr_4559_1st_9102.csv,WebService
282_NEK_id_6_WebService_tr_500_1st_64.csv,WebService
045_WSD_id_17_WebService_tr_2566_1st_2666.csv,WebService
795_YAHOO_id_245_WebService_tr_500_1st_84.csv,WebService
066_WSD_id_38_WebService_tr_3320_1st_3420.csv,WebService
808_YAHOO_id_258_WebService_tr_500_1st_142.csv,WebService
117_WSD_id_89_WebService_tr_3251_1st_3351.csv,WebService
700_YAHOO_id_150_WebService_tr_500_1st_82.csv,WebService
614_YAHOO_id_64_WebService_tr_500_1st_1204.csv,WebService
768_YAHOO_id_218_WebService_tr_500_1st_431.csv,WebService
756_YAHOO_id_206_WebService_tr_500_1st_55.csv,WebService
809_YAHOO_id_259_WebService_tr_500_1st_123.csv,WebService
109_WSD_id_81_WebService_tr_3175_1st_3275.csv,WebService
080_WSD_id_52_WebService_tr_1538_1st_1638.csv,WebService
084_WSD_id_56_WebService_tr_4559_1st_9616.csv,WebService
580_YAHOO_id_30_WebService_tr_500_1st_236.csv,WebService
092_WSD_id_64_WebService_tr_500_1st_118.csv,WebService
262_IOPS_id_3_WebService_tr_7028_1st_7128.csv,WebService
765_YAHOO_id_215_WebService_tr_500_1st_92.csv,WebService
565_YAHOO_id_15_WebService_tr_500_1st_151.csv,WebService
120_WSD_id_92_WebService_tr_2329_1st_2429.csv,WebService
065_WSD_id_37_WebService_tr_3451_1st_3551.csv,WebService
714_YAHOO_id_164_WebService_tr_500_1st_1.csv,WebService
682_YAHOO_id_132_WebService_tr_500_1st_354.csv,WebService
803_YAHOO_id_253_WebService_tr_500_1st_58.csv,WebService
137_WSD_id_109_WebService_tr_4559_1st_14404.csv,WebService
077_WSD_id_49_WebService_tr_3310_1st_3716.csv,WebService
062_WSD_id_34_WebService_tr_3371_1st_3471.csv,WebService
114_WSD_id_86_WebService_tr_500_1st_403.csv,WebService
766_YAHOO_id_216_WebService_tr_500_1st_114.csv,WebService
034_WSD_id_6_WebService_tr_4559_1st_8461.csv,WebService
133_WSD_id_105_WebService_tr_3934_1st_5937.csv,WebService
654_YAHOO_id_104_WebService_tr_500_1st_20.csv,WebService
718_YAHOO_id_168_WebService_tr_500_1st_263.csv,WebService
583_YAHOO_id_33_WebService_tr_500_1st_1616.csv,WebService
097_WSD_id_69_WebService_tr_4520_1st_6465.csv,WebService
692_YAHOO_id_142_WebService_tr_500_1st_294.csv,WebService
270_IOPS_id_11_WebService_tr_5638_1st_5738.csv,WebService
793_YAHOO_id_243_WebService_tr_500_1st_28.csv,WebService
628_YAHOO_id_78_WebService_tr_500_1st_147.csv,WebService
059_WSD_id_31_WebService_tr_4559_1st_9058.csv,WebService
050_WSD_id_22_WebService_tr_4559_1st_12816.csv,WebService
271_IOPS_id_12_WebService_tr_500_1st_341.csv,WebService
119_WSD_id_91_WebService_tr_4559_1st_12353.csv,WebService
279_NEK_id_3_WebService_tr_500_1st_974.csv,WebService
